               epoch,      train/box_loss,      train/obj_loss,      train/cls_loss,   metrics/precision,      metrics/recall,     metrics/mAP_0.5,metrics/mAP_0.5:0.95,        val/box_loss,        val/obj_loss,        val/cls_loss,               x/lr0,               x/lr1,               x/lr2
                   0,            0.023615,             0.12537,            0.020857,             0.89616,             0.86855,             0.91542,             0.75598,            0.018411,            0.060342,            0.014556,           0.0033128,           0.0033128,            0.070185
                   1,            0.028099,             0.11048,             0.01926,             0.81213,             0.87072,              0.8961,              0.6013,             0.03059,             0.06103,            0.013317,           0.0066242,           0.0066242,            0.040163
                   2,            0.036501,             0.10788,            0.018722,             0.74735,             0.83023,             0.86131,             0.60361,            0.033842,            0.065844,            0.015428,           0.0099136,           0.0099136,            0.010119
                   3,            0.036274,             0.10991,            0.018116,             0.77235,             0.86401,             0.88569,             0.63483,            0.032081,            0.063012,             0.01317,            0.009901,            0.009901,            0.009901
                   4,            0.033349,             0.10783,              0.0167,             0.86007,             0.86164,               0.907,             0.68297,             0.02643,            0.061789,            0.013209,            0.009901,            0.009901,            0.009901
                   5,            0.030946,             0.10446,            0.015662,             0.89415,             0.88855,             0.92436,             0.70329,            0.024963,            0.060115,            0.011166,            0.009868,            0.009868,            0.009868
                   6,            0.029498,             0.10473,            0.014699,             0.93031,             0.89507,               0.942,             0.72846,            0.024643,            0.058574,            0.010402,            0.009835,            0.009835,            0.009835
                   7,            0.028693,              0.1016,            0.013864,             0.93744,             0.90267,              0.9489,             0.71853,            0.023967,            0.058132,           0.0098144,            0.009802,            0.009802,            0.009802
                   8,            0.027665,             0.10182,            0.013381,             0.93449,             0.89074,             0.93996,              0.7443,            0.022287,            0.058437,           0.0096208,            0.009769,            0.009769,            0.009769
                   9,            0.025888,            0.098867,            0.013059,             0.94263,             0.91096,             0.95058,             0.74844,            0.022677,            0.057456,            0.008971,            0.009736,            0.009736,            0.009736
                  10,            0.025816,             0.10147,            0.012473,             0.93616,             0.90922,             0.95096,             0.76904,            0.021856,            0.057113,           0.0084934,            0.009703,            0.009703,            0.009703
                  11,            0.025229,            0.098035,            0.012082,             0.93706,             0.91862,             0.95406,             0.78433,            0.021777,            0.056906,           0.0083661,             0.00967,             0.00967,             0.00967
                  12,            0.024481,            0.095919,            0.011748,             0.92749,             0.88049,             0.93351,             0.75104,            0.020678,            0.060143,           0.0091885,            0.009637,            0.009637,            0.009637
                  13,            0.023845,            0.094885,            0.011321,              0.9441,             0.91179,             0.95054,              0.7854,            0.019593,            0.056055,           0.0080478,            0.009604,            0.009604,            0.009604
                  14,            0.023694,             0.09305,            0.011135,             0.94591,             0.92084,             0.95836,             0.78727,             0.02026,            0.054899,           0.0077228,            0.009571,            0.009571,            0.009571
                  15,            0.024124,            0.092045,             0.01088,             0.94667,             0.92292,             0.95666,              0.7997,            0.019235,            0.054818,           0.0075584,            0.009538,            0.009538,            0.009538
                  16,             0.02347,            0.093828,            0.010475,             0.93594,             0.91488,             0.95176,             0.78256,            0.019775,            0.055928,           0.0078094,            0.009505,            0.009505,            0.009505
                  17,            0.022183,            0.090244,            0.010385,             0.93898,             0.92641,             0.95789,             0.81046,            0.018286,            0.053592,           0.0073825,            0.009472,            0.009472,            0.009472
                  18,            0.022733,             0.09278,            0.010276,             0.94443,             0.92472,             0.95554,             0.79946,             0.01832,            0.054518,           0.0071828,            0.009439,            0.009439,            0.009439
                  19,            0.022946,            0.092091,           0.0099567,             0.94001,             0.91728,             0.95175,             0.79704,            0.018762,            0.055249,           0.0072944,            0.009406,            0.009406,            0.009406
                  20,            0.022943,            0.089946,           0.0099018,             0.94341,               0.919,              0.9531,             0.80714,            0.017666,            0.054413,           0.0070945,            0.009373,            0.009373,            0.009373
                  21,            0.022056,            0.090223,           0.0097142,             0.93882,             0.92226,             0.95504,             0.81388,            0.017128,            0.053887,           0.0069121,             0.00934,             0.00934,             0.00934
                  22,            0.021109,            0.088712,           0.0094049,              0.9467,             0.92109,              0.9558,             0.82211,            0.017439,             0.05361,           0.0068185,            0.009307,            0.009307,            0.009307
                  23,             0.02167,            0.088068,           0.0093615,             0.94122,             0.91833,             0.95332,             0.80385,            0.018298,            0.055231,            0.006998,            0.009274,            0.009274,            0.009274
                  24,            0.022357,            0.087172,           0.0091751,             0.94519,             0.92615,               0.957,             0.81029,            0.018052,            0.053972,           0.0066861,            0.009241,            0.009241,            0.009241
                  25,            0.020769,            0.087994,           0.0090529,             0.94107,             0.90285,             0.94551,             0.79981,            0.017773,            0.057547,           0.0071417,            0.009208,            0.009208,            0.009208
                  26,            0.020867,            0.086596,            0.009031,             0.94955,              0.9222,             0.95206,             0.81126,             0.01663,             0.05515,           0.0065543,            0.009175,            0.009175,            0.009175
                  27,            0.021148,            0.086388,           0.0089074,             0.94455,             0.92939,             0.95776,             0.82879,            0.016084,            0.054255,           0.0064314,            0.009142,            0.009142,            0.009142
                  28,            0.020919,            0.086685,           0.0086114,             0.94224,              0.9224,             0.95509,             0.81435,            0.016681,            0.053588,           0.0066072,            0.009109,            0.009109,            0.009109
                  29,            0.020026,            0.084879,           0.0084898,             0.94448,             0.92452,             0.95506,             0.82448,            0.016607,            0.053909,           0.0065113,            0.009076,            0.009076,            0.009076
                  30,            0.019903,            0.083864,           0.0088345,             0.94282,             0.93111,             0.95962,               0.826,            0.016677,            0.053013,           0.0061717,            0.009043,            0.009043,            0.009043
                  31,            0.020476,            0.083599,           0.0084546,             0.94008,              0.9066,             0.94714,             0.80185,            0.018075,            0.057561,           0.0067573,             0.00901,             0.00901,             0.00901
                  32,            0.020333,            0.084362,           0.0086194,             0.94574,             0.92442,             0.95448,              0.8202,            0.017824,            0.054543,           0.0062985,            0.008977,            0.008977,            0.008977
                  33,            0.020119,            0.085179,           0.0081542,             0.94523,             0.93254,             0.95656,             0.82197,            0.017099,            0.054303,           0.0062352,            0.008944,            0.008944,            0.008944
                  34,            0.020162,            0.083781,           0.0081321,             0.94855,             0.92698,             0.95801,             0.82757,            0.016128,            0.054751,            0.005993,            0.008911,            0.008911,            0.008911
                  35,            0.019149,            0.081858,           0.0081734,             0.95006,             0.93304,             0.95831,             0.83181,            0.015623,             0.05288,           0.0059882,            0.008878,            0.008878,            0.008878
                  36,            0.019359,            0.084074,           0.0081567,              0.9517,             0.93019,             0.96086,             0.83703,            0.015568,            0.052296,           0.0058482,            0.008845,            0.008845,            0.008845
                  37,            0.019034,            0.081935,           0.0080581,             0.95176,             0.91966,             0.95479,             0.83087,             0.01618,            0.054787,           0.0060861,            0.008812,            0.008812,            0.008812
                  38,            0.019049,             0.08326,           0.0079089,             0.95026,             0.93111,             0.95738,             0.82709,            0.016774,            0.053743,            0.005935,            0.008779,            0.008779,            0.008779
                  39,            0.019349,            0.083568,           0.0079204,              0.9444,             0.91366,             0.95004,             0.82214,            0.016439,            0.056247,           0.0063222,            0.008746,            0.008746,            0.008746
                  40,            0.019489,            0.082695,           0.0077735,             0.94776,             0.90703,              0.9478,             0.81712,            0.017371,            0.057952,            0.006301,            0.008713,            0.008713,            0.008713
                  41,            0.019277,            0.082755,           0.0077824,             0.94606,             0.92878,              0.9575,             0.82833,             0.01598,            0.054634,           0.0058556,             0.00868,             0.00868,             0.00868
                  42,            0.018865,            0.080995,            0.007736,             0.95392,             0.92986,             0.95808,             0.83098,            0.015715,            0.053862,           0.0056724,            0.008647,            0.008647,            0.008647
                  43,            0.019628,            0.082702,           0.0076161,             0.95291,             0.92916,             0.96114,             0.83716,            0.014984,            0.051827,           0.0057212,            0.008614,            0.008614,            0.008614
                  44,             0.01885,             0.08004,           0.0076878,             0.95039,               0.927,             0.95726,             0.83886,            0.014858,            0.053017,           0.0058184,            0.008581,            0.008581,            0.008581
                  45,            0.018695,            0.081806,           0.0074419,             0.95543,             0.92473,              0.9582,             0.83926,            0.015363,            0.053704,           0.0055602,            0.008548,            0.008548,            0.008548
                  46,            0.018658,            0.079011,           0.0074797,             0.95061,             0.93388,             0.95858,             0.83706,            0.015781,            0.053438,           0.0055177,            0.008515,            0.008515,            0.008515
                  47,            0.018771,            0.079975,           0.0073224,             0.94956,             0.92819,             0.95564,             0.83149,            0.015901,            0.054596,           0.0055909,            0.008482,            0.008482,            0.008482
                  48,            0.018734,             0.08112,           0.0075186,             0.94716,             0.93682,             0.95716,             0.83325,            0.015946,            0.054377,           0.0054656,            0.008449,            0.008449,            0.008449
                  49,            0.017846,             0.07962,           0.0071733,             0.95205,             0.93054,             0.95932,             0.83951,             0.01502,            0.053327,             0.00546,            0.008416,            0.008416,            0.008416
                  50,            0.018353,            0.080796,           0.0074445,             0.95023,             0.93266,             0.95698,             0.83404,            0.015489,            0.053973,           0.0055164,            0.008383,            0.008383,            0.008383
                  51,            0.018271,            0.080051,           0.0073453,             0.94982,             0.93258,             0.95766,              0.8334,            0.015475,            0.053509,           0.0056243,             0.00835,             0.00835,             0.00835
                  52,            0.018197,             0.07828,           0.0071512,             0.95215,              0.9299,             0.95844,              0.8398,            0.015527,            0.053448,           0.0055884,            0.008317,            0.008317,            0.008317
                  53,            0.017775,            0.077848,           0.0072081,             0.94979,             0.93087,              0.9597,             0.84116,            0.015049,            0.053205,           0.0054985,            0.008284,            0.008284,            0.008284
                  54,            0.017901,            0.076831,           0.0071847,             0.94517,              0.9362,             0.95829,             0.84509,            0.014425,            0.053042,           0.0055607,            0.008251,            0.008251,            0.008251
                  55,            0.017484,            0.079633,           0.0070759,             0.94998,             0.93106,             0.95872,             0.84387,            0.014816,            0.052982,           0.0053509,            0.008218,            0.008218,            0.008218
                  56,            0.018106,            0.078444,           0.0069664,             0.94708,             0.92355,             0.95192,               0.826,            0.016048,            0.056689,           0.0055388,            0.008185,            0.008185,            0.008185
                  57,            0.017851,            0.076865,           0.0069805,             0.95296,             0.93358,             0.96062,             0.84283,            0.014551,            0.053188,            0.005257,            0.008152,            0.008152,            0.008152
                  58,            0.017091,            0.077499,           0.0070931,              0.9501,             0.92989,             0.95816,             0.83847,            0.015328,            0.054048,            0.005244,            0.008119,            0.008119,            0.008119
                  59,            0.017441,            0.078062,           0.0069593,             0.95156,             0.93192,             0.95781,             0.83861,            0.015221,            0.055074,           0.0053689,            0.008086,            0.008086,            0.008086
                  60,            0.017516,            0.076575,           0.0068038,              0.9462,             0.93747,             0.95875,             0.84491,            0.014338,            0.053248,           0.0053009,            0.008053,            0.008053,            0.008053
                  61,            0.017047,            0.076267,           0.0067939,             0.94812,             0.93157,              0.9586,             0.84577,             0.01451,            0.053947,           0.0053043,             0.00802,             0.00802,             0.00802
                  62,            0.016931,            0.075873,           0.0068282,              0.9508,             0.92898,             0.95549,             0.84431,            0.014458,            0.053648,           0.0053361,            0.007987,            0.007987,            0.007987
                  63,            0.017855,            0.077539,           0.0067081,             0.95224,             0.93818,             0.96146,             0.84812,            0.014383,            0.052555,           0.0051815,            0.007954,            0.007954,            0.007954
                  64,            0.017044,            0.076174,           0.0068207,             0.95498,              0.9311,              0.9591,             0.84671,            0.014366,            0.053401,            0.005256,            0.007921,            0.007921,            0.007921
                  65,            0.016985,            0.075177,           0.0065761,             0.95208,             0.93481,             0.95892,             0.84539,            0.014602,             0.05376,           0.0052744,            0.007888,            0.007888,            0.007888
                  66,            0.016861,            0.074729,           0.0066223,             0.95317,              0.9318,             0.95915,             0.84943,            0.014311,            0.053472,           0.0051555,            0.007855,            0.007855,            0.007855
                  67,            0.017105,             0.07677,           0.0066426,             0.94735,             0.93326,             0.95837,             0.84367,            0.014651,            0.053427,           0.0053495,            0.007822,            0.007822,            0.007822
                  68,             0.01707,            0.076296,           0.0063788,             0.95517,             0.93145,             0.95799,             0.84525,            0.014967,            0.053077,           0.0051685,            0.007789,            0.007789,            0.007789
                  69,             0.01674,            0.074762,           0.0065071,              0.9577,             0.93724,             0.96122,             0.85026,            0.014458,             0.05328,            0.005139,            0.007756,            0.007756,            0.007756
                  70,            0.016629,            0.074744,            0.006713,             0.95297,             0.93301,             0.95585,             0.84739,            0.014154,            0.053616,           0.0052435,            0.007723,            0.007723,            0.007723
                  71,             0.01647,            0.074114,           0.0063177,             0.95123,             0.93353,             0.95779,             0.84738,            0.014317,            0.054362,           0.0052804,             0.00769,             0.00769,             0.00769
                  72,            0.017147,            0.074857,           0.0064609,             0.94831,             0.92727,             0.95199,             0.83715,            0.014662,            0.056025,           0.0054149,            0.007657,            0.007657,            0.007657
                  73,             0.01676,            0.073982,           0.0063942,             0.95132,             0.93527,             0.95753,             0.84732,            0.014234,             0.05283,           0.0052441,            0.007624,            0.007624,            0.007624
                  74,            0.015991,            0.075166,           0.0063911,             0.95003,             0.93414,             0.95748,             0.84907,            0.014393,            0.054125,           0.0051656,            0.007591,            0.007591,            0.007591
                  75,            0.017022,            0.074504,           0.0064863,             0.95022,             0.93648,             0.96006,             0.84372,            0.014714,            0.054145,           0.0052675,            0.007558,            0.007558,            0.007558
                  76,            0.016834,            0.075256,           0.0064407,             0.95459,             0.93299,             0.96126,             0.84807,            0.014427,            0.054056,             0.00505,            0.007525,            0.007525,            0.007525
                  77,             0.01623,            0.071654,            0.006319,             0.95014,             0.92952,             0.95692,             0.84059,            0.015055,             0.05564,           0.0052342,            0.007492,            0.007492,            0.007492
                  78,            0.016218,            0.074214,           0.0062394,             0.95445,             0.93051,             0.95685,             0.84833,            0.014317,            0.054142,           0.0051643,            0.007459,            0.007459,            0.007459
                  79,            0.016473,            0.074459,           0.0061561,             0.94711,             0.93573,             0.95634,             0.84677,            0.014279,            0.054233,           0.0051267,            0.007426,            0.007426,            0.007426
                  80,            0.016254,            0.072116,           0.0061418,             0.94735,             0.93312,             0.95524,             0.84502,            0.014278,             0.05499,           0.0050463,            0.007393,            0.007393,            0.007393
                  81,            0.016521,            0.074879,           0.0061493,             0.94595,             0.93051,             0.95543,             0.84474,            0.014068,            0.054163,           0.0050836,             0.00736,             0.00736,             0.00736
                  82,            0.016244,            0.071864,           0.0063163,             0.95352,             0.92724,             0.95605,              0.8424,            0.014885,            0.054872,           0.0052407,            0.007327,            0.007327,            0.007327
                  83,            0.016748,            0.073964,           0.0061849,             0.95093,             0.92882,             0.95222,             0.84281,            0.014269,            0.055164,           0.0052113,            0.007294,            0.007294,            0.007294
                  84,            0.016416,            0.072326,           0.0062353,             0.94632,             0.93399,             0.95386,             0.84507,            0.014315,            0.055185,           0.0050696,            0.007261,            0.007261,            0.007261
                  85,            0.015453,            0.071241,           0.0061344,             0.94864,              0.9304,             0.95379,             0.84493,            0.014199,            0.054979,           0.0050981,            0.007228,            0.007228,            0.007228
                  86,            0.015461,            0.071556,           0.0061186,              0.9472,             0.93231,             0.95461,             0.84828,            0.014178,             0.05427,           0.0052136,            0.007195,            0.007195,            0.007195
                  87,            0.015676,            0.072189,           0.0059737,             0.95392,             0.93441,             0.95593,              0.8485,            0.014209,              0.0544,           0.0050195,            0.007162,            0.007162,            0.007162
                  88,            0.015816,             0.07106,           0.0059624,             0.95318,             0.92924,             0.95218,             0.84451,            0.014166,            0.055497,           0.0050618,            0.007129,            0.007129,            0.007129
                  89,            0.015823,            0.071547,           0.0060259,             0.95244,             0.93389,             0.95543,             0.84641,            0.013958,            0.055065,           0.0050956,            0.007096,            0.007096,            0.007096
                  90,            0.015922,            0.072257,           0.0059682,             0.94931,             0.92863,             0.95178,             0.84641,            0.014097,            0.057038,           0.0054163,            0.007063,            0.007063,            0.007063
                  91,            0.016035,            0.071572,           0.0059398,             0.94252,             0.93639,             0.95342,             0.84699,            0.014329,            0.055393,           0.0051877,             0.00703,             0.00703,             0.00703
                  92,            0.015963,            0.071868,           0.0060501,             0.94949,             0.93006,             0.95582,             0.84813,            0.014611,            0.055273,           0.0051425,            0.006997,            0.006997,            0.006997
                  93,            0.015069,             0.07016,           0.0060889,             0.95157,             0.93009,             0.95374,             0.84453,            0.014199,            0.055655,            0.005142,            0.006964,            0.006964,            0.006964
                  94,            0.015111,            0.070738,           0.0059651,             0.95529,              0.9308,              0.9558,             0.84818,            0.014104,            0.055133,           0.0050261,            0.006931,            0.006931,            0.006931
                  95,            0.015326,            0.070614,           0.0058253,             0.94549,             0.93796,             0.95782,             0.85072,            0.013811,            0.054853,           0.0049611,            0.006898,            0.006898,            0.006898
                  96,            0.015334,            0.069313,           0.0057809,              0.9532,             0.93234,             0.95677,             0.84249,            0.014829,            0.055995,           0.0049743,            0.006865,            0.006865,            0.006865
                  97,            0.015438,            0.070889,            0.005864,             0.95401,             0.92505,             0.95199,             0.84289,              0.0147,            0.057165,           0.0052323,            0.006832,            0.006832,            0.006832
                  98,            0.015175,             0.07058,           0.0058915,             0.95069,             0.92962,             0.95212,             0.84314,            0.014315,            0.056139,           0.0050314,            0.006799,            0.006799,            0.006799
                  99,            0.015372,            0.070815,           0.0057643,             0.95118,              0.9227,             0.95168,             0.84234,             0.01422,            0.057621,           0.0052757,            0.006766,            0.006766,            0.006766
                 100,            0.015487,            0.071117,           0.0058367,             0.95355,             0.93452,             0.95644,             0.84843,            0.014168,            0.055503,           0.0049562,            0.006733,            0.006733,            0.006733
                 101,              0.0149,            0.068696,           0.0057713,               0.948,             0.93645,             0.95596,             0.85181,            0.014053,            0.055088,           0.0048889,              0.0067,              0.0067,              0.0067
                 102,             0.01517,            0.069671,           0.0056959,             0.94765,              0.9365,             0.95734,             0.84952,            0.013932,            0.055483,           0.0049601,            0.006667,            0.006667,            0.006667
                 103,             0.01495,            0.068913,           0.0056689,             0.95157,             0.93405,               0.956,             0.84023,            0.014957,            0.056331,           0.0047501,            0.006634,            0.006634,            0.006634
                 104,             0.01494,            0.069386,           0.0057002,             0.95273,             0.92788,             0.95454,             0.84803,             0.01409,             0.05543,           0.0048309,            0.006601,            0.006601,            0.006601
                 105,            0.015269,            0.068812,           0.0057826,               0.948,             0.93247,             0.95635,               0.846,            0.013775,            0.055179,           0.0051179,            0.006568,            0.006568,            0.006568
                 106,             0.01495,             0.06857,           0.0055602,             0.95076,             0.93415,             0.95694,              0.8504,             0.01397,            0.055258,           0.0048816,            0.006535,            0.006535,            0.006535
                 107,            0.015376,            0.069972,           0.0056852,             0.95349,             0.93387,             0.95647,             0.85102,            0.013994,            0.054043,           0.0048233,            0.006502,            0.006502,            0.006502
                 108,            0.015053,            0.069188,           0.0055965,             0.95331,              0.9315,             0.95722,             0.84118,            0.015245,            0.056151,           0.0049707,            0.006469,            0.006469,            0.006469
                 109,            0.014214,            0.068077,           0.0056254,             0.95629,             0.93421,             0.95663,             0.84998,            0.014098,            0.054357,           0.0049694,            0.006436,            0.006436,            0.006436
                 110,            0.014424,            0.068031,           0.0054626,             0.95388,             0.93028,             0.95605,             0.84796,            0.014439,            0.055548,           0.0048247,            0.006403,            0.006403,            0.006403
                 111,            0.014695,            0.066207,           0.0056167,             0.95072,             0.93641,             0.95415,             0.84858,            0.014072,            0.055547,           0.0048994,             0.00637,             0.00637,             0.00637
                 112,            0.014899,            0.068292,           0.0055083,             0.94644,             0.93314,             0.95106,             0.84609,             0.01382,             0.05621,            0.005068,            0.006337,            0.006337,            0.006337
                 113,            0.014076,            0.068029,           0.0054661,             0.95011,             0.93302,             0.95617,             0.85219,            0.013651,            0.054738,           0.0049967,            0.006304,            0.006304,            0.006304
                 114,            0.014229,            0.067965,           0.0054322,             0.95121,             0.93111,             0.95556,             0.84758,            0.014228,            0.055836,           0.0049662,            0.006271,            0.006271,            0.006271
                 115,             0.01456,            0.069073,           0.0055835,              0.9459,                0.93,             0.95354,             0.84635,            0.013941,             0.05566,           0.0052009,            0.006238,            0.006238,            0.006238
                 116,            0.014677,            0.068084,           0.0056026,             0.94996,             0.93513,             0.95886,             0.85314,            0.013781,            0.055123,           0.0048372,            0.006205,            0.006205,            0.006205
                 117,            0.014538,            0.068389,           0.0054561,              0.9522,              0.9365,             0.95804,             0.85351,            0.013708,            0.054481,           0.0048548,            0.006172,            0.006172,            0.006172
                 118,            0.014295,             0.06695,             0.00552,              0.9536,             0.93496,             0.95705,             0.84921,            0.014222,            0.055695,           0.0048615,            0.006139,            0.006139,            0.006139
                 119,            0.014385,            0.067275,           0.0053135,             0.95226,             0.93675,             0.95952,             0.85546,            0.013612,            0.054144,           0.0046985,            0.006106,            0.006106,            0.006106
                 120,            0.014397,            0.068163,           0.0054128,             0.95519,             0.93889,             0.95831,             0.85062,            0.014289,            0.054306,           0.0046318,            0.006073,            0.006073,            0.006073
                 121,            0.014288,            0.068117,           0.0052643,             0.95385,             0.93621,             0.95904,             0.85502,            0.013765,            0.055055,           0.0048274,             0.00604,             0.00604,             0.00604
                 122,            0.014082,            0.066326,           0.0055826,             0.95492,             0.93109,             0.95699,              0.8506,            0.013818,             0.05562,             0.00479,            0.006007,            0.006007,            0.006007
                 123,            0.014535,            0.068253,           0.0053822,             0.94914,              0.9313,              0.9548,             0.84875,            0.013774,            0.055825,           0.0050786,            0.005974,            0.005974,            0.005974
                 124,            0.014516,            0.067175,           0.0054116,             0.95001,             0.93432,             0.95635,             0.84708,            0.014358,            0.056331,           0.0047946,            0.005941,            0.005941,            0.005941
                 125,            0.014564,            0.067651,           0.0054096,             0.95324,              0.9342,             0.95537,             0.85309,            0.013752,            0.055231,             0.00471,            0.005908,            0.005908,            0.005908
                 126,            0.014283,            0.066343,           0.0053026,             0.95029,             0.93152,             0.95325,             0.84977,            0.013944,             0.05663,           0.0049707,            0.005875,            0.005875,            0.005875
                 127,             0.01416,            0.067488,           0.0053049,             0.95371,             0.93458,             0.95707,             0.85383,            0.013677,            0.054695,           0.0048653,            0.005842,            0.005842,            0.005842
                 128,            0.014215,             0.06532,           0.0053523,             0.95099,             0.93934,             0.95813,             0.85342,            0.013805,            0.055486,           0.0049568,            0.005809,            0.005809,            0.005809
                 129,            0.013751,            0.066061,           0.0053413,             0.95405,             0.93593,             0.95861,             0.85285,            0.014014,            0.055634,           0.0047448,            0.005776,            0.005776,            0.005776
                 130,            0.013859,            0.065951,           0.0052427,             0.95135,             0.93601,             0.95688,             0.85394,            0.013521,            0.054712,           0.0049663,            0.005743,            0.005743,            0.005743
                 131,            0.013967,            0.065812,           0.0053883,             0.95477,             0.93532,             0.95648,             0.85513,            0.013517,            0.055451,           0.0048574,             0.00571,             0.00571,             0.00571
                 132,            0.013648,            0.065348,           0.0053409,             0.95377,             0.93511,             0.95735,             0.85468,            0.013703,            0.054908,           0.0047608,            0.005677,            0.005677,            0.005677
                 133,            0.014058,            0.064623,           0.0053543,             0.95296,             0.93058,             0.95559,             0.84981,            0.013802,            0.056218,           0.0048805,            0.005644,            0.005644,            0.005644
                 134,            0.013623,            0.064395,           0.0053342,             0.95213,             0.93517,             0.95761,             0.85314,            0.014052,             0.05566,            0.004871,            0.005611,            0.005611,            0.005611
                 135,            0.014066,            0.065701,           0.0052837,              0.9525,             0.93155,              0.9538,             0.84485,            0.014332,             0.05689,            0.004818,            0.005578,            0.005578,            0.005578
                 136,            0.013857,            0.065648,            0.005227,             0.95139,             0.93656,             0.95628,              0.8533,            0.013796,             0.05604,           0.0046513,            0.005545,            0.005545,            0.005545
                 137,            0.013605,            0.066055,           0.0051584,             0.95528,             0.93297,             0.95677,             0.85237,            0.014021,            0.056058,            0.004751,            0.005512,            0.005512,            0.005512
                 138,             0.01317,            0.063259,           0.0051841,             0.95574,             0.93553,             0.95656,             0.85111,            0.014211,            0.055899,           0.0046641,            0.005479,            0.005479,            0.005479
                 139,            0.013699,            0.065137,           0.0051446,             0.95091,             0.93569,             0.95653,             0.85361,            0.013909,            0.055584,           0.0046879,            0.005446,            0.005446,            0.005446
                 140,            0.013412,            0.062623,           0.0051106,             0.94969,             0.94112,             0.95813,             0.85645,            0.013478,            0.055341,           0.0047799,            0.005413,            0.005413,            0.005413
                 141,            0.013181,             0.06315,           0.0050801,             0.94538,             0.94069,             0.95567,             0.85297,            0.013658,            0.056257,           0.0047447,             0.00538,             0.00538,             0.00538
                 142,            0.013827,             0.06456,            0.005242,             0.94984,             0.93529,             0.95537,             0.85292,            0.013703,            0.056028,           0.0047003,            0.005347,            0.005347,            0.005347
                 143,            0.013586,            0.064295,           0.0051726,             0.95253,             0.93649,             0.95549,             0.85303,            0.013569,            0.056241,           0.0047426,            0.005314,            0.005314,            0.005314
                 144,            0.013368,            0.062872,           0.0050537,             0.95391,              0.9359,             0.95484,             0.85223,            0.013612,            0.056545,           0.0045954,            0.005281,            0.005281,            0.005281
                 145,            0.013636,            0.062875,           0.0050557,             0.95301,             0.93679,             0.95579,             0.85306,            0.013851,            0.055803,           0.0046694,            0.005248,            0.005248,            0.005248
                 146,            0.013424,            0.063688,           0.0052776,             0.95099,             0.93305,             0.95583,             0.85502,            0.013418,            0.055779,           0.0046886,            0.005215,            0.005215,            0.005215
                 147,            0.013523,            0.065173,            0.005184,             0.95021,             0.93816,             0.95647,             0.85108,            0.014152,            0.057298,           0.0048019,            0.005182,            0.005182,            0.005182
                 148,            0.013517,            0.063522,            0.005048,             0.95404,             0.93214,             0.95528,             0.84915,            0.014165,            0.057196,           0.0048109,            0.005149,            0.005149,            0.005149
                 149,            0.012848,            0.062283,           0.0050454,             0.95337,             0.92831,             0.95479,             0.84792,            0.014169,            0.056944,           0.0048731,            0.005116,            0.005116,            0.005116
                 150,             0.01278,            0.061639,           0.0050038,             0.95191,              0.9394,             0.95856,             0.85673,            0.013703,            0.055661,           0.0045127,            0.005083,            0.005083,            0.005083
                 151,            0.012884,            0.062628,           0.0050845,             0.95161,             0.93342,             0.95588,             0.85437,              0.0134,             0.05543,           0.0046713,             0.00505,             0.00505,             0.00505
                 152,            0.012991,            0.061656,           0.0050338,             0.94939,              0.9326,             0.95608,             0.85206,            0.013807,            0.056832,           0.0048454,            0.005017,            0.005017,            0.005017
                 153,             0.01268,            0.061422,           0.0049824,             0.94688,             0.93773,             0.95567,              0.8525,            0.013679,            0.056603,           0.0048717,            0.004984,            0.004984,            0.004984
                 154,            0.012974,            0.061805,           0.0049122,             0.95086,             0.93096,              0.9542,             0.85223,            0.013425,            0.056188,           0.0048236,            0.004951,            0.004951,            0.004951
                 155,            0.012947,            0.062243,           0.0047855,             0.94674,             0.93797,             0.95451,             0.85263,            0.013483,            0.056763,           0.0048059,            0.004918,            0.004918,            0.004918
                 156,            0.012996,            0.062461,           0.0050535,             0.95049,              0.9363,             0.95429,             0.85371,            0.013757,            0.056818,           0.0047329,            0.004885,            0.004885,            0.004885
                 157,            0.013017,            0.062178,           0.0049166,             0.95468,             0.92718,             0.95535,             0.84856,            0.014462,            0.058106,             0.00478,            0.004852,            0.004852,            0.004852
                 158,            0.012557,            0.061445,           0.0049142,              0.9487,             0.93399,             0.95387,             0.85171,            0.013586,            0.057678,            0.004916,            0.004819,            0.004819,            0.004819
                 159,            0.012788,            0.061312,           0.0048176,             0.95648,             0.93295,             0.95536,             0.85147,            0.014168,             0.05709,           0.0046215,            0.004786,            0.004786,            0.004786
                 160,            0.012862,            0.062646,           0.0048651,             0.95396,             0.93402,             0.95372,             0.85132,            0.013578,            0.055958,           0.0047091,            0.004753,            0.004753,            0.004753
                 161,              0.0126,            0.061349,           0.0048636,              0.9494,             0.93397,             0.95444,             0.85102,            0.013685,            0.056877,           0.0046682,             0.00472,             0.00472,             0.00472
                 162,            0.012751,            0.062525,           0.0048085,             0.95127,             0.93532,             0.95637,             0.85633,            0.013369,            0.055392,           0.0046964,            0.004687,            0.004687,            0.004687
                 163,            0.012892,            0.060831,           0.0049808,             0.95288,             0.93463,             0.95541,             0.84811,            0.014222,            0.057266,           0.0047359,            0.004654,            0.004654,            0.004654
                 164,            0.012622,            0.061599,            0.004786,             0.95087,             0.93274,             0.95463,             0.84762,            0.014194,            0.058092,           0.0048605,            0.004621,            0.004621,            0.004621
                 165,              0.0126,            0.060174,           0.0047706,             0.94601,             0.93591,             0.95349,             0.85132,            0.013524,            0.057952,           0.0049245,            0.004588,            0.004588,            0.004588
                 166,            0.012117,            0.059643,           0.0049143,             0.94511,             0.94049,             0.95621,             0.85533,              0.0134,            0.056177,           0.0047349,            0.004555,            0.004555,            0.004555
                 167,            0.012545,            0.061291,           0.0047393,             0.95468,             0.93397,             0.95748,             0.85576,            0.013518,            0.056575,           0.0047179,            0.004522,            0.004522,            0.004522
                 168,            0.012404,            0.059299,           0.0048159,             0.95161,             0.93493,             0.95675,             0.85484,            0.013753,            0.056763,           0.0047248,            0.004489,            0.004489,            0.004489
                 169,              0.0127,            0.060777,            0.004718,             0.95243,             0.93375,              0.9555,             0.85328,            0.013619,            0.057166,           0.0047578,            0.004456,            0.004456,            0.004456
                 170,            0.012556,            0.060686,            0.004824,             0.95729,             0.92838,             0.95511,             0.85366,            0.013616,            0.057438,           0.0047418,            0.004423,            0.004423,            0.004423
                 171,            0.012478,            0.059816,            0.004674,             0.95568,             0.93936,             0.95732,             0.85661,            0.013485,             0.05695,           0.0045905,             0.00439,             0.00439,             0.00439
                 172,             0.01231,            0.059032,           0.0046862,             0.95623,             0.93637,             0.95644,             0.85635,            0.013361,            0.057452,           0.0046767,            0.004357,            0.004357,            0.004357
                 173,            0.012059,             0.05886,           0.0047601,              0.9536,             0.93301,             0.95392,             0.85197,            0.013851,            0.058881,           0.0048214,            0.004324,            0.004324,            0.004324
                 174,            0.012389,            0.060269,           0.0047523,             0.95169,             0.93247,             0.95399,             0.84545,            0.014508,            0.058836,           0.0046397,            0.004291,            0.004291,            0.004291
                 175,            0.012167,            0.059291,           0.0046791,             0.95143,             0.93105,             0.95467,             0.85371,            0.013652,            0.058082,            0.004695,            0.004258,            0.004258,            0.004258
                 176,            0.012381,            0.060253,           0.0046019,             0.94691,             0.93276,             0.95369,             0.85249,            0.013485,            0.058223,            0.004881,            0.004225,            0.004225,            0.004225
                 177,            0.011862,            0.059006,           0.0046095,             0.95214,              0.9333,             0.95588,             0.85314,            0.013454,            0.057959,           0.0047859,            0.004192,            0.004192,            0.004192
                 178,            0.011886,            0.057935,           0.0046408,              0.9553,             0.93214,             0.95636,             0.85568,            0.013371,            0.057331,           0.0046586,            0.004159,            0.004159,            0.004159
                 179,            0.012072,            0.057828,           0.0046697,             0.95405,             0.93445,             0.95714,             0.85392,             0.01373,            0.057449,           0.0046287,            0.004126,            0.004126,            0.004126
                 180,            0.012041,            0.058931,           0.0044982,             0.95755,             0.93479,             0.95676,             0.85088,            0.013967,            0.058144,           0.0045778,            0.004093,            0.004093,            0.004093
                 181,            0.011786,            0.058243,           0.0046811,             0.95107,              0.9397,             0.95731,             0.85574,            0.013184,            0.057468,            0.004634,             0.00406,             0.00406,             0.00406
                 182,            0.012117,             0.05849,           0.0046838,             0.95192,             0.93702,             0.95683,             0.85428,            0.013306,            0.057937,           0.0046774,            0.004027,            0.004027,            0.004027
                 183,            0.011963,            0.059499,           0.0043554,             0.95082,             0.94102,             0.95756,             0.85744,            0.013296,            0.056631,           0.0046247,            0.003994,            0.003994,            0.003994
                 184,            0.012146,            0.058717,           0.0046353,             0.95405,             0.93407,             0.95732,             0.85859,             0.01314,            0.056393,           0.0047044,            0.003961,            0.003961,            0.003961
                 185,            0.011682,            0.058109,           0.0044779,             0.95455,             0.93261,             0.95523,             0.85436,            0.013512,            0.057389,            0.004656,            0.003928,            0.003928,            0.003928
                 186,            0.011856,            0.059104,           0.0046285,             0.95578,             0.93251,             0.95753,             0.85604,            0.013391,            0.056505,           0.0046402,            0.003895,            0.003895,            0.003895
                 187,            0.011798,             0.05818,           0.0044959,             0.95557,             0.93218,             0.95742,             0.85681,            0.013371,            0.057116,           0.0046833,            0.003862,            0.003862,            0.003862
                 188,            0.012061,            0.058926,           0.0045752,             0.95561,             0.93554,             0.95859,             0.85844,            0.013254,            0.056881,           0.0046372,            0.003829,            0.003829,            0.003829
                 189,            0.011452,            0.056836,           0.0045188,             0.95146,             0.93861,              0.9574,             0.85615,            0.013479,            0.057845,           0.0045835,            0.003796,            0.003796,            0.003796
                 190,            0.011827,            0.056944,           0.0044347,             0.95237,             0.93624,             0.95874,             0.85704,            0.013447,            0.057859,           0.0045862,            0.003763,            0.003763,            0.003763
                 191,            0.011825,            0.057702,           0.0044199,              0.9553,              0.9317,             0.95769,             0.85396,            0.013647,            0.057277,           0.0046931,             0.00373,             0.00373,             0.00373
                 192,            0.011941,            0.057197,           0.0046091,             0.95364,             0.93664,             0.95677,             0.85735,             0.01337,            0.057144,           0.0046833,            0.003697,            0.003697,            0.003697
                 193,            0.011243,            0.056258,           0.0044742,              0.9511,               0.938,              0.9574,             0.85721,            0.013339,            0.056944,           0.0046661,            0.003664,            0.003664,            0.003664
                 194,            0.011397,            0.057185,           0.0044282,             0.95166,             0.93569,             0.95789,             0.85673,            0.013331,            0.057292,           0.0046798,            0.003631,            0.003631,            0.003631
                 195,            0.011481,            0.055517,            0.004419,             0.95534,             0.93372,              0.9574,             0.85695,             0.01353,            0.057858,           0.0046277,            0.003598,            0.003598,            0.003598
                 196,            0.011496,            0.057471,           0.0045572,             0.95272,             0.94032,             0.95707,             0.85695,            0.013511,            0.057339,            0.004546,            0.003565,            0.003565,            0.003565
                 197,            0.011225,            0.055638,           0.0044892,             0.95027,             0.93529,             0.95482,              0.8469,            0.014513,            0.059621,           0.0047079,            0.003532,            0.003532,            0.003532
                 198,            0.011349,            0.055636,           0.0043375,             0.95216,             0.93587,             0.95827,              0.8574,            0.013312,            0.057821,           0.0046281,            0.003499,            0.003499,            0.003499
                 199,            0.011501,            0.056923,           0.0044087,             0.95103,             0.93602,             0.95677,             0.85515,            0.013379,            0.057447,           0.0046667,            0.003466,            0.003466,            0.003466
                 200,            0.011312,            0.056828,           0.0043538,              0.9488,             0.93847,             0.95506,             0.85271,            0.013433,            0.058199,           0.0047046,            0.003433,            0.003433,            0.003433
                 201,            0.011428,            0.056898,             0.00426,             0.95153,             0.93888,             0.95607,             0.85426,            0.013451,            0.058178,           0.0047375,              0.0034,              0.0034,              0.0034
                 202,             0.01145,            0.056415,           0.0044603,             0.94928,             0.93473,             0.95509,             0.85411,            0.013365,            0.058476,           0.0046816,            0.003367,            0.003367,            0.003367
                 203,             0.01141,            0.055707,           0.0044008,             0.95501,             0.93228,             0.95562,             0.85517,             0.01342,            0.059297,             0.00468,            0.003334,            0.003334,            0.003334
                 204,            0.011204,            0.055818,           0.0042679,             0.94968,             0.93723,             0.95525,             0.85411,            0.013394,            0.058597,           0.0047887,            0.003301,            0.003301,            0.003301
                 205,            0.010915,             0.05497,           0.0044473,             0.94972,             0.93803,             0.95661,              0.8555,              0.0136,            0.058732,           0.0046742,            0.003268,            0.003268,            0.003268
                 206,            0.011097,            0.055638,           0.0044245,             0.95061,             0.93641,             0.95502,             0.85624,            0.013331,            0.059188,           0.0046407,            0.003235,            0.003235,            0.003235
                 207,            0.010958,            0.055032,           0.0043783,             0.95156,             0.93182,             0.95541,             0.85312,            0.013671,            0.059841,           0.0046548,            0.003202,            0.003202,            0.003202
                 208,            0.011139,            0.055593,           0.0043571,              0.9526,             0.93324,             0.95682,             0.85285,            0.013631,            0.059082,            0.004639,            0.003169,            0.003169,            0.003169
                 209,            0.010971,            0.054899,           0.0043277,             0.94646,             0.94065,             0.95625,             0.85685,            0.013136,            0.058376,           0.0046867,            0.003136,            0.003136,            0.003136
                 210,            0.010739,             0.05479,           0.0042579,             0.95423,             0.93197,             0.95468,             0.85583,            0.013119,            0.059444,           0.0048049,            0.003103,            0.003103,            0.003103
                 211,            0.011054,            0.054077,           0.0042428,             0.95131,             0.93577,             0.95495,             0.85601,            0.013444,             0.05872,           0.0046125,             0.00307,             0.00307,             0.00307
                 212,            0.011081,            0.055026,           0.0042542,             0.95169,             0.93369,             0.95487,             0.85599,            0.013504,            0.059577,           0.0046783,            0.003037,            0.003037,            0.003037
                 213,            0.010649,            0.055441,           0.0042723,              0.9547,             0.93346,              0.9571,             0.85793,            0.013352,            0.058737,           0.0046207,            0.003004,            0.003004,            0.003004
                 214,            0.010875,            0.054699,           0.0042303,             0.94964,             0.93666,             0.95713,             0.85688,            0.013324,             0.05845,           0.0046381,            0.002971,            0.002971,            0.002971
                 215,            0.011032,            0.054676,           0.0043029,             0.95053,             0.93828,             0.95636,             0.85779,            0.013224,            0.058409,           0.0046804,            0.002938,            0.002938,            0.002938
                 216,            0.010936,            0.054003,            0.004267,              0.9535,             0.93626,             0.95551,             0.85705,            0.013236,             0.05845,            0.004694,            0.002905,            0.002905,            0.002905
                 217,            0.010528,            0.053982,           0.0041246,             0.95583,             0.93427,             0.95542,             0.85623,            0.013291,            0.059597,           0.0046458,            0.002872,            0.002872,            0.002872
                 218,            0.010707,            0.053969,           0.0041531,             0.95367,             0.93507,             0.95405,             0.84949,            0.014136,            0.060232,           0.0045645,            0.002839,            0.002839,            0.002839
                 219,            0.010802,            0.053782,           0.0041153,             0.94851,             0.93575,             0.95501,             0.85676,            0.013236,            0.058995,           0.0046842,            0.002806,            0.002806,            0.002806
                 220,            0.010618,            0.053304,           0.0041829,             0.95209,             0.93417,             0.95395,             0.85499,            0.013295,             0.05967,           0.0047075,            0.002773,            0.002773,            0.002773
                 221,            0.010553,            0.054141,           0.0041329,             0.94971,             0.93535,             0.95409,             0.85457,            0.013333,            0.060268,           0.0046482,             0.00274,             0.00274,             0.00274
                 222,            0.010481,            0.053508,           0.0040729,             0.95305,             0.93748,             0.95675,             0.85694,            0.013345,            0.059751,           0.0045819,            0.002707,            0.002707,            0.002707
                 223,            0.010732,            0.053633,           0.0041736,             0.95759,             0.93318,              0.9543,             0.85346,            0.013801,            0.060468,           0.0045936,            0.002674,            0.002674,            0.002674
                 224,            0.010569,             0.05313,           0.0042385,             0.95306,             0.93357,              0.9565,             0.85659,            0.013307,            0.060356,           0.0046684,            0.002641,            0.002641,            0.002641
                 225,             0.01026,            0.053873,           0.0040655,             0.94951,             0.93546,               0.955,             0.85566,            0.013335,            0.060554,           0.0046498,            0.002608,            0.002608,            0.002608
                 226,            0.010292,            0.051752,           0.0041621,             0.95052,             0.93826,             0.95588,             0.85716,            0.013401,            0.060095,           0.0045154,            0.002575,            0.002575,            0.002575
                 227,            0.010369,            0.052637,           0.0039955,             0.95298,             0.93608,             0.95663,             0.85581,            0.013529,            0.060346,           0.0044679,            0.002542,            0.002542,            0.002542
                 228,            0.010427,            0.052977,           0.0041231,             0.95392,             0.93982,             0.95682,             0.85823,            0.013195,            0.059878,           0.0044249,            0.002509,            0.002509,            0.002509
                 229,            0.010106,            0.052472,           0.0040039,             0.95612,             0.93781,             0.95738,             0.85801,            0.013387,            0.059904,           0.0044085,            0.002476,            0.002476,            0.002476
                 230,            0.010206,            0.051136,           0.0040123,             0.95496,             0.93694,             0.95714,             0.85904,            0.013228,            0.059127,            0.004465,            0.002443,            0.002443,            0.002443
                 231,             0.01031,            0.052733,           0.0040587,              0.9571,             0.93546,             0.95693,             0.85822,            0.013189,            0.059572,           0.0045212,             0.00241,             0.00241,             0.00241
                 232,            0.010444,            0.053971,           0.0040478,             0.95464,             0.93527,             0.95713,             0.85904,            0.013175,            0.059598,           0.0045346,            0.002377,            0.002377,            0.002377
                 233,            0.010045,            0.051661,           0.0039884,             0.95251,             0.93924,             0.95794,             0.85715,              0.0135,            0.060052,           0.0044599,            0.002344,            0.002344,            0.002344
                 234,            0.010114,            0.052002,           0.0039651,               0.955,             0.93779,             0.95673,              0.8515,            0.014044,            0.060396,           0.0044666,            0.002311,            0.002311,            0.002311
                 235,            0.010316,            0.052965,           0.0039895,             0.95402,             0.93541,             0.95492,             0.85507,            0.013601,            0.060922,           0.0046017,            0.002278,            0.002278,            0.002278
                 236,            0.010122,            0.051398,           0.0039914,             0.95207,              0.9356,              0.9555,             0.85721,            0.013298,            0.060533,           0.0046174,            0.002245,            0.002245,            0.002245
                 237,            0.010103,            0.052452,            0.004011,             0.95026,             0.93719,             0.95534,             0.85692,            0.013289,            0.060535,            0.004619,            0.002212,            0.002212,            0.002212
                 238,           0.0099263,            0.051882,           0.0039374,             0.95364,             0.93552,             0.95578,             0.85754,            0.013322,            0.060418,           0.0046361,            0.002179,            0.002179,            0.002179
                 239,            0.010101,            0.052018,           0.0038452,             0.95576,             0.93566,             0.95496,              0.8561,            0.013462,            0.060729,           0.0046062,            0.002146,            0.002146,            0.002146
                 240,           0.0098147,            0.050723,           0.0040165,             0.95111,             0.93698,             0.95543,             0.85599,            0.013376,            0.061275,           0.0046049,            0.002113,            0.002113,            0.002113
                 241,           0.0097152,            0.051069,           0.0039297,             0.95475,             0.93577,             0.95475,             0.85771,             0.01326,            0.060984,           0.0046341,             0.00208,             0.00208,             0.00208
                 242,            0.009918,            0.050301,           0.0039342,             0.95548,             0.93923,             0.95429,             0.85759,            0.013261,             0.06063,           0.0045866,            0.002047,            0.002047,            0.002047
                 243,           0.0098746,            0.050395,            0.003803,             0.95287,             0.93984,             0.95534,               0.858,            0.013259,            0.060022,           0.0045805,            0.002014,            0.002014,            0.002014
                 244,            0.009732,            0.050594,           0.0038653,             0.95367,              0.9403,              0.9565,              0.8586,            0.013243,            0.060015,           0.0045382,            0.001981,            0.001981,            0.001981
                 245,           0.0098024,            0.050986,           0.0039015,             0.95524,             0.93744,             0.95603,             0.85792,            0.013478,            0.060772,           0.0044952,            0.001948,            0.001948,            0.001948
                 246,           0.0098155,            0.050954,           0.0038248,             0.95452,             0.93976,             0.95719,             0.85955,            0.013212,            0.060059,           0.0045219,            0.001915,            0.001915,            0.001915
                 247,            0.009728,            0.049811,           0.0038184,              0.9558,             0.93575,             0.95549,             0.85875,            0.013242,            0.060679,           0.0045688,            0.001882,            0.001882,            0.001882
                 248,           0.0096793,             0.05021,           0.0037913,             0.95488,              0.9359,             0.95564,             0.85758,            0.013351,            0.060632,           0.0045292,            0.001849,            0.001849,            0.001849
                 249,            0.009505,            0.049436,           0.0037612,             0.95366,             0.93399,             0.95566,             0.85828,            0.013202,            0.060662,           0.0044931,            0.001816,            0.001816,            0.001816
                 250,           0.0096396,            0.050347,           0.0038166,             0.95781,             0.93346,             0.95542,             0.85472,            0.013623,            0.061518,           0.0044919,            0.001783,            0.001783,            0.001783
                 251,           0.0095656,            0.048918,           0.0038434,             0.95597,             0.93521,             0.95562,             0.85707,             0.01334,            0.061679,           0.0044946,             0.00175,             0.00175,             0.00175
                 252,           0.0096033,            0.050278,            0.003798,             0.95398,             0.93651,             0.95635,              0.8588,            0.013195,            0.061094,           0.0044483,            0.001717,            0.001717,            0.001717
                 253,            0.009322,            0.049779,            0.003845,              0.9575,             0.93397,             0.95628,             0.85923,             0.01323,            0.061171,           0.0044693,            0.001684,            0.001684,            0.001684
                 254,           0.0093942,             0.05023,           0.0039134,             0.95657,             0.93514,              0.9562,             0.85817,            0.013291,            0.061311,           0.0044693,            0.001651,            0.001651,            0.001651
                 255,            0.009496,            0.050267,           0.0038451,             0.95505,             0.93315,             0.95602,             0.85839,            0.013296,            0.061406,            0.004503,            0.001618,            0.001618,            0.001618
                 256,           0.0094333,            0.048425,           0.0038612,             0.95549,             0.93419,             0.95529,             0.85697,            0.013466,            0.061532,           0.0045188,            0.001585,            0.001585,            0.001585
                 257,           0.0091999,            0.049679,           0.0036776,             0.95222,             0.93471,             0.95549,             0.85851,            0.013418,             0.06172,           0.0045322,            0.001552,            0.001552,            0.001552
                 258,           0.0092884,            0.048996,           0.0037356,             0.95268,             0.93535,             0.95608,             0.85927,            0.013299,            0.061746,           0.0045268,            0.001519,            0.001519,            0.001519
                 259,           0.0094235,            0.049947,           0.0038007,             0.95414,             0.93502,             0.95594,             0.85948,            0.013224,            0.061223,           0.0045896,            0.001486,            0.001486,            0.001486
                 260,           0.0092377,            0.049107,           0.0037641,              0.9541,             0.93438,             0.95657,             0.85916,            0.013262,            0.061697,           0.0046136,            0.001453,            0.001453,            0.001453
                 261,           0.0091621,            0.048358,           0.0038218,             0.95558,             0.93216,             0.95521,              0.8584,            0.013287,            0.061769,           0.0045865,             0.00142,             0.00142,             0.00142
                 262,           0.0092563,            0.048411,           0.0038153,             0.95345,             0.93621,             0.95572,             0.85818,            0.013323,            0.062185,           0.0045747,            0.001387,            0.001387,            0.001387
                 263,           0.0091856,            0.048268,           0.0037745,             0.95485,             0.93512,             0.95498,             0.85822,            0.013325,            0.062404,           0.0045865,            0.001354,            0.001354,            0.001354
                 264,           0.0091459,            0.047781,           0.0036718,             0.95676,             0.93303,             0.95574,             0.85859,            0.013294,            0.061972,           0.0045629,            0.001321,            0.001321,            0.001321
                 265,            0.008998,            0.047583,           0.0036886,             0.95411,             0.93405,              0.9567,             0.85831,            0.013341,             0.06178,           0.0045719,            0.001288,            0.001288,            0.001288
                 266,           0.0090359,            0.048056,           0.0036825,             0.95182,             0.93553,             0.95625,             0.85781,            0.013362,            0.062111,           0.0046584,            0.001255,            0.001255,            0.001255
                 267,           0.0090626,            0.047393,           0.0037195,             0.95117,             0.93571,             0.95629,             0.85839,            0.013317,            0.062011,           0.0046584,            0.001222,            0.001222,            0.001222
                 268,           0.0091173,            0.047733,            0.003581,             0.95282,             0.93485,             0.95683,             0.85978,            0.013284,            0.061957,           0.0046054,            0.001189,            0.001189,            0.001189
                 269,           0.0089868,              0.0471,           0.0038067,             0.95431,             0.93736,             0.95645,             0.86032,            0.013335,            0.061893,           0.0045623,            0.001156,            0.001156,            0.001156
                 270,           0.0089017,            0.047395,           0.0036633,             0.95408,             0.93872,             0.95717,             0.85938,            0.013381,            0.061889,           0.0044838,            0.001123,            0.001123,            0.001123
                 271,           0.0089388,            0.046929,           0.0035969,             0.95304,             0.93749,             0.95687,             0.85975,            0.013301,            0.061871,           0.0045091,             0.00109,             0.00109,             0.00109
                 272,           0.0089261,            0.047093,           0.0037302,             0.95411,              0.9363,             0.95643,             0.85956,            0.013284,            0.061839,           0.0044939,            0.001057,            0.001057,            0.001057
                 273,            0.008886,            0.047274,           0.0037086,             0.95488,             0.93441,             0.95569,              0.8594,            0.013281,            0.062339,           0.0045221,            0.001024,            0.001024,            0.001024
                 274,            0.008763,            0.047021,           0.0035784,             0.95695,             0.93341,              0.9556,             0.85788,            0.013354,            0.062471,           0.0045582,            0.000991,            0.000991,            0.000991
                 275,           0.0088521,            0.046902,           0.0035878,             0.95637,             0.93504,             0.95579,             0.85829,            0.013394,            0.062275,           0.0045335,            0.000958,            0.000958,            0.000958
                 276,           0.0086464,            0.045944,           0.0034742,             0.95518,             0.93613,             0.95573,             0.85836,             0.01338,            0.062344,           0.0045466,            0.000925,            0.000925,            0.000925
                 277,            0.008772,            0.046714,           0.0035466,             0.95504,              0.9344,             0.95603,             0.85841,            0.013409,            0.062103,           0.0045378,            0.000892,            0.000892,            0.000892
                 278,           0.0086052,            0.046797,           0.0035601,             0.95198,             0.93785,              0.9558,             0.85848,            0.013407,            0.062508,           0.0045408,            0.000859,            0.000859,            0.000859
                 279,           0.0088381,            0.046169,           0.0036156,             0.95401,             0.93447,             0.95589,             0.85839,            0.013359,            0.062631,            0.004575,            0.000826,            0.000826,            0.000826
                 280,           0.0087764,            0.047331,           0.0035965,             0.94957,             0.93702,              0.9555,             0.85832,            0.013363,             0.06281,           0.0046476,            0.000793,            0.000793,            0.000793
                 281,           0.0086657,            0.046503,           0.0036002,             0.95212,             0.93383,              0.9559,             0.85898,            0.013351,            0.062941,           0.0046194,             0.00076,             0.00076,             0.00076
                 282,           0.0086914,            0.046752,           0.0036551,             0.95214,             0.93427,             0.95515,             0.85858,            0.013293,            0.063027,           0.0046441,            0.000727,            0.000727,            0.000727
                 283,           0.0086818,            0.046318,           0.0035073,             0.95335,             0.93538,              0.9551,             0.85874,            0.013278,            0.062904,           0.0045782,            0.000694,            0.000694,            0.000694
                 284,           0.0086956,              0.0461,           0.0035201,             0.95439,              0.9342,             0.95557,             0.85943,             0.01333,            0.062976,           0.0045637,            0.000661,            0.000661,            0.000661
                 285,           0.0086638,            0.045918,           0.0036759,             0.95316,              0.9356,             0.95599,             0.85958,            0.013316,            0.062991,           0.0045397,            0.000628,            0.000628,            0.000628
                 286,           0.0086204,            0.045725,           0.0035109,             0.95393,              0.9367,             0.95613,             0.86029,             0.01328,             0.06288,           0.0045508,            0.000595,            0.000595,            0.000595
                 287,            0.008544,            0.046111,           0.0035112,             0.95437,              0.9363,             0.95576,             0.86003,            0.013282,            0.062812,           0.0045327,            0.000562,            0.000562,            0.000562
                 288,           0.0085321,            0.046125,           0.0034677,             0.95478,             0.93488,             0.95534,             0.85937,            0.013313,            0.063106,           0.0045572,            0.000529,            0.000529,            0.000529
                 289,           0.0084818,            0.045071,           0.0033416,             0.95568,             0.93634,             0.95534,             0.86006,            0.013279,            0.063122,           0.0045802,            0.000496,            0.000496,            0.000496
                 290,           0.0084415,            0.045524,           0.0034658,             0.95472,             0.93664,             0.95607,              0.8606,            0.013275,            0.063115,           0.0046054,            0.000463,            0.000463,            0.000463
                 291,           0.0085979,            0.044757,           0.0036128,             0.95427,             0.93836,             0.95632,             0.86049,            0.013282,            0.063286,           0.0046336,             0.00043,             0.00043,             0.00043
                 292,           0.0084828,            0.045867,           0.0034179,             0.95506,              0.9374,             0.95597,             0.86011,            0.013269,            0.063305,           0.0046339,            0.000397,            0.000397,            0.000397
                 293,           0.0084497,            0.044566,           0.0035269,             0.95574,             0.93771,             0.95639,             0.86009,            0.013282,            0.063245,           0.0046374,            0.000364,            0.000364,            0.000364
                 294,           0.0084695,            0.044778,           0.0035053,             0.95523,             0.93816,              0.9562,             0.86032,            0.013281,            0.063505,           0.0046361,            0.000331,            0.000331,            0.000331
                 295,           0.0084475,            0.044374,           0.0033937,             0.95607,             0.93614,             0.95557,             0.85956,            0.013294,            0.063685,           0.0046692,            0.000298,            0.000298,            0.000298
                 296,           0.0084639,            0.045638,           0.0035435,             0.95565,             0.93657,             0.95579,             0.85948,            0.013289,            0.063778,            0.004673,            0.000265,            0.000265,            0.000265
                 297,           0.0085035,            0.045119,           0.0036062,             0.95459,             0.93665,             0.95599,             0.86022,            0.013273,            0.063565,           0.0046761,            0.000232,            0.000232,            0.000232
                 298,           0.0085211,            0.044705,           0.0035956,             0.95474,             0.93731,             0.95628,             0.86067,            0.013243,            0.063513,           0.0046722,            0.000199,            0.000199,            0.000199
                 299,           0.0084376,            0.044933,           0.0034377,             0.95487,             0.93635,             0.95627,             0.86063,            0.013258,            0.063533,           0.0046654,            0.000166,            0.000166,            0.000166
